<!--
The MIT License

Copyright (c) 2004-2017, Sun Microsystems, Inc., Kohsuke Kawaguchi, Oleg Nenashev and other contributors

Permission is hereby granted, free of charge, to any person obtaining a copy
of this software and associated documentation files (the "Software"), to deal
in the Software without restriction, including without limitation the rights
to use, copy, modify, merge, publish, distribute, sublicense, and/or sell
copies of the Software, and to permit persons to whom the Software is
furnished to do so, subject to the following conditions:

The above copyright notice and this permission notice shall be included in
all copies or substantial portions of the Software.

THE SOFTWARE IS PROVIDED "AS IS", WITHOUT WARRANTY OF ANY KIND, EXPRESS OR
IMPLIED, INCLUDING BUT NOT LIMITED TO THE WARRANTIES OF MERCHANTABILITY,
FITNESS FOR A PARTICULAR PURPOSE AND NONINFRINGEMENT. IN NO EVENT SHALL THE
AUTHORS OR COPYRIGHT HOLDERS BE LIABLE FOR ANY CLAIM, DAMAGES OR OTHER
LIABILITY, WHETHER IN AN ACTION OF CONTRACT, TORT OR OTHERWISE, ARISING FROM,
OUT OF OR IN CONNECTION WITH THE SOFTWARE OR THE USE OR OTHER DEALINGS IN
THE SOFTWARE.
-->

<!--
  Windows service definition for Jenkins agent.
  This service is powered by the WinSW project: https://github.com/kohsuke/winsw/

  You can find more information about available options here: https://github.com/kohsuke/winsw/blob/master/doc/xmlConfigFile.md
  Configuration examples are available here: https://github.com/kohsuke/winsw/tree/master/examples

  To uninstall, run "jenkins-slave.exe stop" to stop the service, then "jenkins-slave.exe uninstall" to uninstall the service.
  Both commands don't produce any output if the execution is successful.
-->
<service>
  <id>jenkinsslave-C__slaveJenkins</id>
  <name>Jenkins agent (jenkinsslave-C__slaveJenkins)</name>
  <description>This service runs an agent for Jenkins automation server.</description>
  <!--
    if you'd like to run Jenkins with a specific version of Java, specify a full path to java.exe.
    The following value assumes that you have java in your PATH.
  -->
  <executable>C:\Program Files\Java\jre1.8.0_191\bin\java.exe</executable>
  <arguments>-Xrs  -jar "%BASE%\slave.jar" -jnlpUrl https://sauron.bcn.rd.hpicorp.net:8443/computer/DGTBuilder01/slave-agent.jnlp -secret 46c7977bf00d39a41ccf27de38053b334d772587633722e9e953009a7c2acf91 -noCertificateCheck -noReconnect</arguments>
  <!--
    interactive flag causes the empty black Java window to be displayed.
    I'm still debugging this.
  <interactive />
  -->
  <logmode>rotate</logmode>

  <onfailure action="restart" delay="240 sec"/>
  
  <!--
    If uncommented, download the Remoting version provided by the Jenkins master.
    Enabling for HTTP implies security risks (e.g. replacement of JAR via DNS poisoning). Use on your own risk.
    NOTE: This option may fail to work correctly (e.g. if Jenkins is located behind HTTPS with untrusted certificate).
    In such case the old agent version will be used; you can replace slave.jar manually or to specify another download URL.
  -->
  <download from="https://sauron.bcn.rd.hpicorp.net:8443/jnlpJars/slave.jar" to="%BASE%\slave.jar"/>
  
  <!-- 
    In the case WinSW gets terminated and leaks the process, we want to abort
    these runaway JAR processes on startup to prevent "Slave is already connected errors" (JENKINS-28492).
  -->
  <extensions>
    <!-- This is a sample configuration for the RunawayProcessKiller extension. -->
    <extension enabled="true" 
               className="winsw.Plugins.RunawayProcessKiller.RunawayProcessKillerExtension"
               id="killOnStartup">
      <pidfile>%BASE%\jenkins_agent.pid</pidfile>
      <stopTimeout>5000</stopTimeout>
      <stopParentFirst>false</stopParentFirst>
    </extension>
  </extensions>
  
  <!-- See referenced examples for more options -->
  
</service>